name,username,password
Aarav Sharma,aarav.sharma,SB@1001
Vivaan Patel,vivaan.patel,SB@1002
Aditya Reddy,aditya.reddy,SB@1003
Krishna Nair,krishna.nair,SB@1004
Rohan Verma,rohan.verma,SB@1005
Arjun Iyer,arjun.iyer,SB@1006
Siddharth Singh,siddharth.singh,SB@1007
Rahul Chauhan,rahul.chauhan,SB@1008
Manav Gupta,manav.gupta,SB@1009
Harshit Yadav,harshit.yadav,SB@1010
Priya Mehta,priya.mehta,SB@1011
Ananya Kulkarni,ananya.kulkarni,SB@1012
Isha Joshi,isha.joshi,SB@1013
Kavya Menon,kavya.menon,SB@1014
Neha Bansal,neha.bansal,SB@1015
Sneha Pillai,sneha.pillai,SB@1016
Pooja Shetty,pooja.shetty,SB@1017
Meera Mishra,meera.mishra,SB@1018
Nisha Agarwal,nisha.agarwal,SB@1019
Sushmita Das,sushmita.das,SB@1020
Lakshmi Narayan,lakshmi.narayan,SB@1021
Deepak Malhotra,deepak.malhotra,SB@1022
Nitin Saxena,nitin.saxena,SB@1023
Mukesh Tiwari,mukesh.tiwari,SB@1024
Sunil Tripathi,sunil.tripathi,SB@1025
Amitabh Pandey,amitabh.pandey,SB@1026
Rajesh Khanna,rajesh.khanna,SB@1027
Vikram Jeet,vikram.jeet,SB@1028
Anil Kumar,anil.kumar,SB@1029
Sandeep Rana,sandeep.rana,SB@1030
Divya Naidu,divya.naidu,SB@1031
Ritu Arora,ritu.arora,SB@1032
Komal Singla,komal.singla,SB@1033
Bhavna Sood,bhavna.sood,SB@1034
Farah Khan,farah.khan,SB@1035
Shalini Saxena,shalini.saxena,SB@1036
Hema Rao,hema.rao,SB@1037
Nandini Rai,nandini.rai,SB@1038
Tanya Sethi,tanya.sethi,SB@1039
Swati Chopra,swati.chopra,SB@1040
Sakshi Goyal,sakshi.goyal,SB@1041
Monika Jain,monika.jain,SB@1042
Geeta Kapoor,geeta.kapoor,SB@1043
Rekha Madan,rekha.madan,SB@1044
Poonam Dua,poonam.dua,SB@1045
Renu Sarin,renu.sarin,SB@1046
Sarita Pal,sarita.pal,SB@1047
Usha Rawat,usha.rawat,SB@1048
Sangeeta Roy,sangeeta.roy,SB@1049
Susheela Kumari,susheela.kumari,SB@1050
